
--
--  ecs_group_activity 
--
INSERT INTO `ecs_group_activity` (`group_id`, `succeed_time`, `group_name`, `group_desc`, `group_type`, `start_time`, `end_time`, `is_finished`, `ext_info`, `city_id`, `upper_orders`, `lower_orders`, `pos_express`, `market_price`, `group_image`, `suppliers_id`, `group_keywords`, `group_description`, `goods_comment`, `group_comment`, `group_brief`, `goods_type`, `goods_rebate`, `group_attr`, `cat_id`, `group_stock`, `closed_time`, `group_restricted`, `small_desc`, `past_time`, `goods_name`, `group_need`, `group_freight`) VALUES
(1, 0, '原价56元的云川台球2小时不限人畅打,美式落袋、斯诺克、九球全市18家连锁店任打!多人共用多券连用,瞬间化身桌球达人!', '<p style="padding-right: 6px; padding-left: 6px; padding-bottom: 3px; color: rgb(255,255,255); padding-top: 3px; background-color: rgb(0,102,0); moz-border-radius: 3px 3px 3px 3px"><b>名店连锁,18元即可享受18家分店2小时畅打(不限人)!</b></p>\r\n<p style="font-size: 3px; height: 3px">&nbsp;</p>\r\n<p>曾经与美团合作过的<b>云川台球城</b>又卷土重来了!曾经错过的你,不要错失这次的机会哦~曾经玩得畅快的你,能放过再一次的优惠么?</p>\r\n<p>凭美团券可在云川台球<b>18家分店</b>任选其一,畅享普通台<b>2小时不限人数</b>的美好台球时光(原价56元,美团价18元)。</p>\r\n<ul class="list">\r\n    <li>美式落袋(十六彩)、斯诺克、九球任选(并非所有店都配备三种球台,详情见下表)。</li>\r\n    <li>店家提供球杆、比赛用球、滑石粉等专业球具(您也可以自带球杆,店家提供<b>免费寄存</b>服务)。</li>\r\n    <li>2小时不能分开使用,一次至少打完2小时。</li>\r\n    <li>美团券可以累积使用哦~例如用2张美团券,可以开2桌,每桌打2小时;也可以开1桌,打4个小时哦~~每桌可以多人共用~</li>\r\n    <li><b>从2010年9月20日(周一)开始可以使用美团券</b>,12月18日前均有效哦~~每人最多可购买10张美团券。</li>\r\n</ul>\r\n<div style="text-align: center"><img alt="" src="images/201009/bjyctq5.jpg" /></div>\r\n<p><br />\r\n&nbsp;</p>\r\n<p style="padding-right: 6px; padding-left: 6px; padding-bottom: 3px; color: rgb(255,255,255); padding-top: 3px; background-color: rgb(0,102,0); moz-border-radius: 3px 3px 3px 3px"><b>分店:各种球台,种类丰富,让切磋更多变!</b></p>\r\n<p style="font-size: 3px; height: 3px">&nbsp;</p>\r\n<p>云川各分店的球台种类和使用时段如下表,看看哪家的排布是你心仪的</p>\r\n<table class="chart" width="440">\r\n    <tbody>\r\n        <tr>\r\n            <th width="120">分店</th>\r\n            <th width="80">美式落袋<br />\r\n            十六彩</th>\r\n            <th width="80">斯诺克</th>\r\n            <th width="80">九球</th>\r\n            <th width="80">棋牌室</th>\r\n        </tr>\r\n    </tbody>\r\n</table>\r\n<table class="chart" width="440">\r\n    <tbody>\r\n        <tr>\r\n            <td class="first" colspan="5">美团券有效时段:00:00-24:00</td>\r\n        </tr>\r\n    </tbody>\r\n</table>\r\n<table class="chart" width="440">\r\n    <tbody>\r\n        <tr>\r\n            <td width="120">鼓楼店</td>\r\n            <td width="80">24张</td>\r\n            <td width="80">1张</td>\r\n            <td width="80">/</td>\r\n            <td width="80">7间</td>\r\n        </tr>\r\n        <tr>\r\n            <td width="120">左家庄店</td>\r\n            <td width="80">37张</td>\r\n            <td width="80">2张</td>\r\n            <td width="80">/</td>\r\n            <td width="80">3间</td>\r\n        </tr>\r\n    </tbody>\r\n</table>\r\n<table class="chart" width="440">\r\n    <tbody>\r\n        <tr>\r\n            <td class="first" colspan="5">美团券有效时段:0:00-19:00</td>\r\n        </tr>\r\n    </tbody>\r\n</table>\r\n<table class="chart" width="440">\r\n    <tbody>\r\n        <tr>\r\n            <td width="120">月坛店</td>\r\n            <td width="80">24张</td>\r\n            <td width="80">1张</td>\r\n            <td width="80">/</td>\r\n            <td width="80">/</td>\r\n        </tr>\r\n        <tr>\r\n            <td width="120">小西天店</td>\r\n            <td width="80">12张</td>\r\n            <td width="80">1张</td>\r\n            <td width="80">/</td>\r\n            <td width="80">4间</td>\r\n        </tr>\r\n        <tr>\r\n            <td width="120">花园桥店</td>\r\n            <td width="80">18张</td>\r\n            <td width="80">2张</td>\r\n            <td width="80">/</td>\r\n            <td width="80">4间</td>\r\n        </tr>\r\n        <tr>\r\n            <td width="120">麦子店店</td>\r\n            <td width="80">17张</td>\r\n            <td width="80">1张</td>\r\n            <td width="80">/</td>\r\n            <td width="80">/</td>\r\n        </tr>\r\n        <tr>\r\n            <td width="120">鲁谷店</td>\r\n            <td width="80">18张</td>\r\n            <td width="80">/</td>\r\n            <td width="80">/</td>\r\n            <td width="80">2间</td>\r\n        </tr>\r\n        <tr>\r\n            <td width="120">海文天店</td>\r\n            <td width="80">24张</td>\r\n            <td width="80">2张</td>\r\n            <td width="80">1张</td>\r\n            <td width="80">3间</td>\r\n        </tr>\r\n        <tr>\r\n            <td width="120">西直门店</td>\r\n            <td width="80">25张</td>\r\n            <td width="80">1张</td>\r\n            <td width="80">/</td>\r\n            <td width="80">/</td>\r\n        </tr>\r\n        <tr>\r\n            <td width="120">志新桥店</td>\r\n            <td width="80">23张</td>\r\n            <td width="80">2张</td>\r\n            <td width="80">1张</td>\r\n            <td width="80">3间</td>\r\n        </tr>\r\n        <tr>\r\n            <td width="120">马甸店</td>\r\n            <td width="80">22张</td>\r\n            <td width="80">1张</td>\r\n            <td width="80">/</td>\r\n            <td width="80">2间</td>\r\n        </tr>\r\n        <tr>\r\n            <td width="120">永定门店</td>\r\n            <td width="80">22张</td>\r\n            <td width="80">1张</td>\r\n            <td width="80">/</td>\r\n            <td width="80">2间</td>\r\n        </tr>\r\n        <tr>\r\n            <td width="120">右安门店</td>\r\n            <td width="80">23张</td>\r\n            <td width="80">/</td>\r\n            <td width="80">/</td>\r\n            <td width="80">/</td>\r\n        </tr>\r\n        <tr>\r\n            <td width="120">刘家窑店</td>\r\n            <td width="80">21张</td>\r\n            <td width="80">10张</td>\r\n            <td width="80">/</td>\r\n            <td width="80">/</td>\r\n        </tr>\r\n        <tr>\r\n            <td width="120">双井店</td>\r\n            <td width="80">25张</td>\r\n            <td width="80">3张</td>\r\n            <td width="80">1张</td>\r\n            <td width="80">4间</td>\r\n        </tr>\r\n        <tr>\r\n            <td width="120">华威桥店</td>\r\n            <td width="80">24张</td>\r\n            <td width="80">4张</td>\r\n            <td width="80">/</td>\r\n            <td width="80">4间</td>\r\n        </tr>\r\n        <tr>\r\n            <td width="120">国贸店</td>\r\n            <td width="80">28张</td>\r\n            <td width="80">1张</td>\r\n            <td width="80">1张</td>\r\n            <td width="80">4间</td>\r\n        </tr>\r\n    </tbody>\r\n</table>\r\n<table class="chart" width="440">\r\n    <tbody>\r\n        <tr>\r\n            <td class="first" colspan="5">美团券有效时段:00:00-17:00</td>\r\n        </tr>\r\n    </tbody>\r\n</table>\r\n<table class="chart" width="440">\r\n    <tbody>\r\n        <tr>\r\n            <td width="120">惠侨店</td>\r\n            <td width="80">17张</td>\r\n            <td width="80">/</td>\r\n            <td width="80">/</td>\r\n            <td width="80">4间</td>\r\n        </tr>\r\n    </tbody>\r\n</table>\r\n<p><br />\r\n&nbsp;</p>\r\n<div style="text-align: center">&nbsp;</div>\r\n<p><br />\r\n&nbsp;</p>\r\n<p style="padding-right: 6px; padding-left: 6px; padding-bottom: 3px; color: rgb(255,255,255); padding-top: 3px; background-color: rgb(0,102,0); moz-border-radius: 3px 3px 3px 3px"><b>品牌:京城名店,享受您的私人绅士派对</b></p>\r\n<p style="font-size: 3px; height: 3px">&nbsp;</p>\r\n<p>在云川俱乐部,台球已经从街头娱乐变成一种充满优雅品位的时尚休闲项目。如果你想玩得专业,这里有职业的台球教练,陪你进步的陪打助教,一些店还不定期举办比赛,让您观摩进步;如果你只是想找个惬意的地方消磨一个下午,这里有优美的环境、训练有素的服务球童,还有茶水美食供应,让台球变成一种既娱乐又休闲的聚会时光。</p>\r\n<div style="text-align: center">&nbsp;</div>\r\n<p><br />\r\n&nbsp;</p>\r\n<p style="padding-right: 6px; padding-left: 6px; padding-bottom: 3px; color: rgb(255,255,255); padding-top: 3px; background-color: rgb(0,102,0); moz-border-radius: 3px 3px 3px 3px"><b>环境:星级服务,时尚休闲,感受台球文明</b></p>\r\n<p style="font-size: 3px; height: 3px">&nbsp;</p>\r\n<p>云川各家分店,风格各异的装修中都包含着统一的元素,即简约、舒适、尊贵的现代气息,灯光明亮却不耀眼、门厅宽敞而整洁,色彩悦目而脱俗。这种气息还体现在店内的服务上,码球的服务员、等位时的免费连网电脑、物美价廉的茶水小食、免费的球具寄存服务&hellip;&hellip;无一不在彰显着云川的品质。在这里,即便是约上商务伙伴一边打球一边洽谈,也显得体面有风度。</p>\r\n<div style="text-align: center">&nbsp;</div>', 1, 1285171200, 1285776000, 0, 'a:2:{s:12:"price_ladder";a:1:{i:0;a:2:{s:6:"amount";i:1;s:5:"price";d:38;}}s:13:"gift_integral";i:0;}', 52, 0, 10, 0, 56.00, 'images/201009/1285330532010033127.jpg', 1, 'SEO关键词', 'SEO描述', '', '', '', 1, 5.00, 0, 0, 0, 0, 0, '多人共用,多券连用,酣畅连击', 1293724800, '云川台球2小时不限人畅打', 1, 0),
(2, 0, '仅售22元!原价50元的冠军溜冰场90分钟溜冰卡,金源时代/朝阳大悦城两店通兑,全时段可用,含租鞋费。时尚舒缓的娱乐环境,情侣、亲子、好友共享欢乐新体验!', '<p style="padding-right: 6px; padding-left: 6px; padding-bottom: 3px; color: rgb(255,255,255); padding-top: 3px; background-color: rgb(51,153,255); moz-border-radius: 3px 3px 3px 3px"><b>冠军溜冰场90分钟溜冰卡,仅售22元!</b></p>\r\n<p style="font-size: 3px; height: 3px">&nbsp;</p>\r\n<p>凭美团券可在<b>冠军溜冰场</b>兑换<b>90分钟溜冰卡</b>一张(原价50元,美团价22元)。金源时代与朝阳大悦城<b>两店均可兑换</b>。已包含租鞋费,溜冰场可以为您提供相应号码的溜冰鞋。</p>\r\n<ul class="list">\r\n    <li>冠军溜冰场周一至周五早场原价30元,中场原价40元,晚场及周末、节假日原价50元。<b>美团券可全时段通用</b>,不分早中晚场与节假日。</li>\r\n    <li>领取溜冰鞋时需交纳10元押金。押金将在您还鞋时返还给您。</li>\r\n    <li>为提供更好的溜冰体验,溜冰场周一至周五每日限量接待200人/店;周六、周日每日限量接待50人/店。<b>请务必提前致电预约。</b></li>\r\n    <li>如遇溜冰场清理冰面,清冰时间不计入您的消费时间,时间顺延。</li>\r\n</ul>\r\n<div style="text-align: center"><img alt="" src="images/201009/21.jpg" /></div>\r\n<p style="font-size: 3px; height: 3px">&nbsp;</p>\r\n<p style="padding-right: 6px; padding-left: 6px; padding-bottom: 3px; color: rgb(255,255,255); padding-top: 3px; background-color: rgb(51,153,255); moz-border-radius: 3px 3px 3px 3px"><b>艺术溜冰,带给你不一样的溜冰新体验~~</b></p>\r\n<p style="font-size: 3px; height: 3px">&nbsp;</p>\r\n<p>冠军溜冰场是目前国内最高级别的溜冰场,采用加拿大顶级制冰设备每天定时清冰,确保冰面光滑平整。其中,朝阳大悦城店是北京市唯一拥有1800平米标准冰面的纯商业化管理冰场。凉爽的室内溜冰场,时尚舒适的娱乐环境,充分感受真冰带来的无限乐趣。</p>\r\n<div style="text-align: center">&nbsp;</div>\r\n<p style="font-size: 3px; height: 3px">&nbsp;</p>\r\n<p style="padding-right: 6px; padding-left: 6px; padding-bottom: 3px; color: rgb(255,255,255); padding-top: 3px; background-color: rgb(51,153,255); moz-border-radius: 3px 3px 3px 3px"><b>溜冰须知摘要</b></p>\r\n<p style="font-size: 3px; height: 3px">&nbsp;</p>\r\n<p>入场溜冰前,建议您仔细阅读并遵守溜冰场《溜冰须知》。以下须知摘要仅供参考:</p>\r\n<ul class="list">\r\n    <li>溜冰场较冷,建议您穿着长袖衣服与长裤体验溜冰,以防着凉</li>\r\n    <li>建议您带好手套、护肘、护膝等护具进行溜冰</li>\r\n    <li>溜冰场前台可办理个人保险2元/人,您可以根据自身情况酌情办理</li>\r\n    <li>溜冰场有投币式小储物柜,投币1元即可使用,硬币可在前台兑换</li>\r\n    <li>5岁以上儿童即可溜冰,溜冰场不设儿童票</li>\r\n    <li>如有超时需另外付费,每30分钟10元,不足30分钟按30分钟计算</li>\r\n</ul>\r\n<div style="text-align: center">&nbsp;</div>', 1, 1285171200, 1285776000, 0, 'a:2:{s:12:"price_ladder";a:1:{i:0;a:2:{s:6:"amount";i:1;s:5:"price";d:28;}}s:13:"gift_integral";i:0;}', 52, 0, 10, 0, 50.00, 'images/201009/1285335137647747622.jpg', 1, 'SEO关键词', 'SEO描述', '', '', '', 2, 10.00, 0, 0, 0, 0, 0, '', 1293724800, '原价50元的冠军溜冰场90分钟溜冰卡', 1, 0);


--
--  ecs_group_gallery
--
INSERT INTO `ecs_group_gallery` (`img_id`, `group_id`, `img_desc`, `img_url`) VALUES
(1, 1, '', 'images/201009/1285330532319653229.jpg'),
(2, 1, '', 'images/201009/1285330532416852587.jpg'),
(3, 2, '', 'images/201009/1285335137547954244.jpg'),
(4, 2, '', 'images/201009/1285335137449693498.jpg');

--
--  ecs_friend_comment
--
INSERT INTO `ecs_friend_comment` (`fid`, `friend_name`, `friend_url`, `friend_web`, `friend_desc`, `group_id`) VALUES
(8, 'hahaxixi', '', '', '我去的是鼓楼店,环境还不错,杆和台泥都很新,这次用的是比赛台,总体感觉挺好的,在特价的时候很值得去哈~', 1),
(7, '12ssboy', '', '', '去的国贸店,很新很干净,服务人员态度都相当好。尤其感谢前台mm,走时忘了取押金,折回后发现前台mm正拿着钱在等我,下次一定还会去的!', 1),
(6, 'xiaodingdang', '', '', '刚进场,对于从没接触过“水冰”的曼曼来说还有点胆怯......一会曼曼就适应了,欢快的跑起圈来......孩子在接受新鲜事物时,可能会有些胆怯,积极的鼓励是很重要的。', 2),
(5, '香蜜', '', '', '金源地下的冠军冰场还挺好的!地方干净,服务业很好,交通方便,价格还算合理啦!冰面也挺不错的!同学聚会去那里还不错,楼上有吃饭的,唱歌的,楼下还可以滑滑冰!', 2);

--
--  ecs_article_cat
--

INSERT INTO `ecs_article_cat` (`cat_id`, `cat_name`, `cat_type`, `keywords`, `cat_desc`, `sort_order`, `show_in_nav`, `parent_id`) VALUES

(100, '团购帮助', 1, '', '', 50, 1, 0),
('99', '公司介绍', 1, '', '', 50, 0, 100),
('98', '用户帮助', 1, '', '', 50, 0, 100),
('97', '商务合作', 1, '', '', 50, 0, 100);

--
--  ecs_article
--
INSERT INTO `ecs_article` (`article_id`, `cat_id`, `title`, `content`, `author`, `author_email`, `keywords`, `article_type`, `is_open`, `add_time`, `file_url`, `open_type`, `link`, `description`) VALUES
(36, 98, '玩转ECgroupon', '<p>玩转ECgroupon</p>\r\n<p>请用户根据自身需要自行填写</p>', '', '', '', 0, 1, 1285336446, '', 0, 'http://', ''),
(37, 98, '常见问题', '<p>常见问题</p>\r\n<p>请用户根据自身需要自行填写</p>', '', '', '', 0, 1, 1285336478, '', 0, 'http://', ''),
(38, 97, '商家入口', '', '', '', '', 0, 1, 1285336761, '', 0, 'merchant.php', ''),
(39, 99, '联系我们', '<p>联系我们</p>\r\n<p>用户自行修改</p>', '', '', '', 0, 1, 1285336870, '', 0, 'http://', '');

--
--  ecs_article_cat
--

INSERT INTO `ecs_friend_link` ( `link_name`, `link_url`) VALUES
('ECGROUPON','http://www.ecgroupon.com'),
('麦圈网','http://www.much001.com'),
('360团','http://tuan.360.cn'),
('好123','http://tuan.hao123.com'),
('团800','http://www.tuan800.com'),
('购团','http://www.goutuan.net'),
('1000团','http://www.1000tuan.com'),
('团p','http://www.tuanp.com'),
('57团','http://www.57tuan.com'),
('我是团长','http://www.54tz.com'),
('找团购','http://tuan.bj100.com'),
('团138','http://www.tuan138.com'),
('搜狐','http://123.sohu.com'),
('soso','http://tuan.soso.com'),
('赶集','http://bj.ganji.com/tuan/'),
('来优','http://www.letyo.com'),
('2345','http://tuan.2345.com'),
('迅购','http://www.xungou.com'),
('最佳团购','http://www.topzj.com'),
('人人折','http://www.renrenzhe.com');

INSERT INTO `ecs_login_config` (`config_id`, `web_name`, `web_url`, `app_key`, `app_secret`, `web_from`, `app_encrypt`, `is_open`, `web_login`, `login_img`, `sort_order`) VALUES
(2, '2345导航', 'http://tuan.2345.com', '', '', '2345', '33333', 1, 'oauth/2345/2345login.php', 'oauth/2345/imgs/big_login.gif', 0),
(3, '360导航', 'http://hao.360.cn/', '', '', 'hao360', '', 1, 'oauth/hao360/360login.php', 'oauth/hao360/imgs/big_login.gif', 0),
(4, 'tuan800', 'www.tuan800.com', '', '', 'tuan800', '', 1, 'oauth/tuan800/tuanlogin.php', 'oauth/tuan800/big_login.gif', 0),
(5, '购团', 'www.goutuan.net', '', '', 'goutuan', '', 1, 'oauth/goutuan/index.php', 'oauth/goutuan/imgs/big_login.gif', 0),
(6, 'QQ科技', 'http://www.qq.com', '', '', 'qq', '', 1, 'oauth/qq/qqlogin.php', 'oauth/qq/img/qq_login.png', 0);






